{"biasIH":[[-6.398829833790061],[6.395186770096926],[-4.473953459401556]],"biasHO":[[3.3857738859434607]],"weigthIH":[[15.5834573681879,-19.28355311716627],[19.381717795305075,-15.68521411408029],[13.148837562164438,13.259925012757337]],"weigthHO":[[14.163320803623648,-14.051487636191217,3.757794160132713]]}